Kernel,Mean R2 Score
linear,0.7382854073831254
rbf,0.7715780248590398
poly,0.3708611577513583
