Kernel,Mean R2 Score
linear,0.7591354943765063
rbf,0.7884624218906268
poly,0.39038483994850404
